tag,logn,logq0,logd,secret,max_slot_residual,log2_slot_residual,max_coeff_residual,log2_coeff_residual
ln12_q35_d30_p23_t1,12,35,30,p:0.666667,7.863000000000e-06,-16.956489,109,6.768184
ln12_q35_d30_p23_t2,12,35,30,p:0.666667,8.146000000000e-06,-16.905477,99,6.629357
ln12_q35_d30_p23_t3,12,35,30,p:0.666667,7.301000000000e-06,-17.063474,99,6.629357
ln12_q35_d30_p23_t4,12,35,30,p:0.666667,7.512000000000e-06,-17.022372,102,6.672425
ln12_q35_d30_p23_t5,12,35,30,p:0.666667,8.586000000000e-06,-16.829582,105,6.714246
ln12_q35_d30_p23_t6,12,35,30,p:0.666667,7.573000000000e-06,-17.010704,109,6.768184
ln12_q35_d30_p23_t7,12,35,30,p:0.666667,8.610000000000e-06,-16.825555,103,6.686501
ln12_q35_d30_p23_t8,12,35,30,p:0.666667,9.821000000000e-06,-16.635699,131,7.033423
ln12_q35_d30_p23_t9,12,35,30,p:0.666667,8.423000000000e-06,-16.857234,102,6.672425
ln12_q35_d30_p23_t10,12,35,30,p:0.666667,9.478000000000e-06,-16.686986,100,6.643856
ln12_q35_d30_p23_t11,12,35,30,p:0.666667,1.162000000000e-05,-16.393030,104,6.700440
ln12_q35_d30_p23_t12,12,35,30,p:0.666667,9.307000000000e-06,-16.713252,107,6.741467
ln12_q35_d30_p23_t13,12,35,30,p:0.666667,8.087000000000e-06,-16.915964,97,6.599913
ln12_q35_d30_p23_t14,12,35,30,p:0.666667,1.200000000000e-05,-16.346606,114,6.832890
ln12_q35_d30_p23_t15,12,35,30,p:0.666667,7.191000000000e-06,-17.085376,100,6.643856
ln12_q35_d30_p23_t16,12,35,30,p:0.666667,7.544000000000e-06,-17.016239,100,6.643856
ln12_q35_d30_p23_t17,12,35,30,p:0.666667,6.774000000000e-06,-17.171561,104,6.700440
ln12_q35_d30_p23_t18,12,35,30,p:0.666667,8.134000000000e-06,-16.907604,112,6.807355
ln12_q35_d30_p23_t19,12,35,30,p:0.666667,8.079000000000e-06,-16.917392,92,6.523562
ln12_q35_d30_p23_t20,12,35,30,p:0.666667,8.427000000000e-06,-16.856549,103,6.686501
ln12_q35_d30_p23_t21,12,35,30,p:0.666667,9.724000000000e-06,-16.650019,107,6.741467
ln12_q35_d30_p23_t22,12,35,30,p:0.666667,9.024000000000e-06,-16.757802,118,6.882643
ln12_q35_d30_p23_t23,12,35,30,p:0.666667,8.999000000000e-06,-16.761804,94,6.554589
ln12_q35_d30_p23_t24,12,35,30,p:0.666667,9.165000000000e-06,-16.735434,105,6.714246
ln12_q35_d30_p23_t25,12,35,30,p:0.666667,8.758000000000e-06,-16.800967,106,6.727920
ln12_q35_d30_p23_t26,12,35,30,p:0.666667,9.333000000000e-06,-16.709228,106,6.727920
ln12_q35_d30_p23_t27,12,35,30,p:0.666667,9.223000000000e-06,-16.726332,105,6.714246
ln12_q35_d30_p23_t28,12,35,30,p:0.666667,8.086000000000e-06,-16.916142,96,6.584963
ln12_q35_d30_p23_t29,12,35,30,p:0.666667,1.029000000000e-05,-16.568397,114,6.832890
ln12_q35_d30_p23_t30,12,35,30,p:0.666667,9.053000000000e-06,-16.753173,105,6.714246
ln12_q35_d30_p23_t31,12,35,30,p:0.666667,9.197000000000e-06,-16.730405,105,6.714246
ln12_q35_d30_p23_t32,12,35,30,p:0.666667,1.009000000000e-05,-16.596714,103,6.686501
ln12_q35_d30_p23_t33,12,35,30,p:0.666667,9.876000000000e-06,-16.627642,104,6.700440
ln12_q35_d30_p23_t34,12,35,30,p:0.666667,7.516000000000e-06,-17.021604,114,6.832890
ln12_q35_d30_p23_t35,12,35,30,p:0.666667,7.829000000000e-06,-16.962741,106,6.727920
ln12_q35_d30_p23_t36,12,35,30,p:0.666667,8.008000000000e-06,-16.930127,101,6.658211
ln12_q35_d30_p23_t37,12,35,30,p:0.666667,1.065000000000e-05,-16.518787,109,6.768184
ln12_q35_d30_p23_t38,12,35,30,p:0.666667,8.926000000000e-06,-16.773555,105,6.714246
ln12_q35_d30_p23_t39,12,35,30,p:0.666667,9.381000000000e-06,-16.701827,104,6.700440
ln12_q35_d30_p23_t40,12,35,30,p:0.666667,9.506000000000e-06,-16.682730,98,6.614710
ln12_q35_d30_p23_t41,12,35,30,p:0.666667,1.115000000000e-05,-16.452597,104,6.700440
ln12_q35_d30_p23_t42,12,35,30,p:0.666667,1.026000000000e-05,-16.572610,97,6.599913
ln12_q35_d30_p23_t43,12,35,30,p:0.666667,8.664000000000e-06,-16.816535,100,6.643856
ln12_q35_d30_p23_t44,12,35,30,p:0.666667,9.223000000000e-06,-16.726332,106,6.727920
ln12_q35_d30_p23_t45,12,35,30,p:0.666667,9.457000000000e-06,-16.690186,110,6.781360
ln12_q35_d30_p23_t46,12,35,30,p:0.666667,8.143000000000e-06,-16.906008,115,6.845490
ln12_q35_d30_p23_t47,12,35,30,p:0.666667,7.655000000000e-06,-16.995166,97,6.599913
ln12_q35_d30_p23_t48,12,35,30,p:0.666667,9.120000000000e-06,-16.742535,110,6.781360
ln12_q35_d30_p23_t49,12,35,30,p:0.666667,9.248000000000e-06,-16.722427,110,6.781360
ln12_q35_d30_p23_t50,12,35,30,p:0.666667,1.060000000000e-05,-16.525576,98,6.614710
ln12_q37_d32_p23_t1,12,37,32,p:0.666667,1.844000000000e-06,-19.048730,131,7.033423
ln12_q37_d32_p23_t2,12,37,32,p:0.666667,2.625000000000e-06,-18.539251,125,6.965784
ln12_q37_d32_p23_t3,12,37,32,p:0.666667,2.178000000000e-06,-18.808565,105,6.714246
ln12_q37_d32_p23_t4,12,37,32,p:0.666667,2.011000000000e-06,-18.923655,102,6.672425
ln12_q37_d32_p23_t5,12,37,32,p:0.666667,2.292000000000e-06,-18.734962,100,6.643856
ln12_q37_d32_p23_t6,12,37,32,p:0.666667,2.161000000000e-06,-18.819869,104,6.700440
ln12_q37_d32_p23_t7,12,37,32,p:0.666667,2.012000000000e-06,-18.922938,107,6.741467
ln12_q37_d32_p23_t8,12,37,32,p:0.666667,2.692000000000e-06,-18.502890,112,6.807355
ln12_q37_d32_p23_t9,12,37,32,p:0.666667,1.802000000000e-06,-19.081970,97,6.599913
ln12_q37_d32_p23_t10,12,37,32,p:0.666667,2.678000000000e-06,-18.510413,118,6.882643
ln12_q37_d32_p23_t11,12,37,32,p:0.666667,2.252000000000e-06,-18.760362,101,6.658211
ln12_q37_d32_p23_t12,12,37,32,p:0.666667,2.667000000000e-06,-18.516351,113,6.820179
ln12_q37_d32_p23_t13,12,37,32,p:0.666667,2.542000000000e-06,-18.585605,119,6.894818
ln12_q37_d32_p23_t14,12,37,32,p:0.666667,2.009000000000e-06,-18.925091,104,6.700440
ln12_q37_d32_p23_t15,12,37,32,p:0.666667,2.767000000000e-06,-18.463246,104,6.700440
ln12_q37_d32_p23_t16,12,37,32,p:0.666667,2.064000000000e-06,-18.886126,105,6.714246
ln12_q37_d32_p23_t17,12,37,32,p:0.666667,2.586000000000e-06,-18.560846,130,7.022368
ln12_q37_d32_p23_t18,12,37,32,p:0.666667,2.047000000000e-06,-18.898057,129,7.011227
ln12_q37_d32_p23_t19,12,37,32,p:0.666667,1.966000000000e-06,-18.956305,121,6.918863
ln12_q37_d32_p23_t20,12,37,32,p:0.666667,2.333000000000e-06,-18.709382,115,6.845490
ln12_q37_d32_p23_t21,12,37,32,p:0.666667,2.316000000000e-06,-18.719933,98,6.614710
ln12_q37_d32_p23_t22,12,37,32,p:0.666667,2.493000000000e-06,-18.613686,108,6.754888
ln12_q37_d32_p23_t23,12,37,32,p:0.666667,2.032000000000e-06,-18.908668,108,6.754888
ln12_q37_d32_p23_t24,12,37,32,p:0.666667,2.109000000000e-06,-18.855009,116,6.857981
ln12_q37_d32_p23_t25,12,37,32,p:0.666667,2.277000000000e-06,-18.744434,109,6.768184
ln12_q37_d32_p23_t26,12,37,32,p:0.666667,2.544000000000e-06,-18.584470,133,7.055282
ln12_q37_d32_p23_t27,12,37,32,p:0.666667,2.189000000000e-06,-18.801297,111,6.794416
ln12_q37_d32_p23_t28,12,37,32,p:0.666667,2.837000000000e-06,-18.427202,101,6.658211
ln12_q37_d32_p23_t29,12,37,32,p:0.666667,2.124000000000e-06,-18.844785,112,6.807355
ln12_q37_d32_p23_t30,12,37,32,p:0.666667,2.017000000000e-06,-18.919357,96,6.584963
ln12_q37_d32_p23_t31,12,37,32,p:0.666667,2.135000000000e-06,-18.837332,114,6.832890
ln12_q37_d32_p23_t32,12,37,32,p:0.666667,2.249000000000e-06,-18.762285,102,6.672425
ln12_q37_d32_p23_t33,12,37,32,p:0.666667,2.303000000000e-06,-18.728054,105,6.714246
ln12_q37_d32_p23_t34,12,37,32,p:0.666667,2.444000000000e-06,-18.642324,106,6.727920
ln12_q37_d32_p23_t35,12,37,32,p:0.666667,2.220000000000e-06,-18.781009,107,6.741467
ln12_q37_d32_p23_t36,12,37,32,p:0.666667,2.311000000000e-06,-18.723051,107,6.741467
ln12_q37_d32_p23_t37,12,37,32,p:0.666667,1.846000000000e-06,-19.047166,109,6.768184
ln12_q37_d32_p23_t38,12,37,32,p:0.666667,1.784000000000e-06,-19.096453,96,6.584963
ln12_q37_d32_p23_t39,12,37,32,p:0.666667,3.005000000000e-06,-18.344204,103,6.686501
ln12_q37_d32_p23_t40,12,37,32,p:0.666667,2.738000000000e-06,-18.478446,109,6.768184
ln12_q37_d32_p23_t41,12,37,32,p:0.666667,2.140000000000e-06,-18.833958,108,6.754888
ln12_q37_d32_p23_t42,12,37,32,p:0.666667,2.027000000000e-06,-18.912222,112,6.807355
ln12_q37_d32_p23_t43,12,37,32,p:0.666667,2.757000000000e-06,-18.468469,123,6.942515
ln12_q37_d32_p23_t44,12,37,32,p:0.666667,2.259000000000e-06,-18.755884,100,6.643856
ln12_q37_d32_p23_t45,12,37,32,p:0.666667,1.973000000000e-06,-18.951178,112,6.807355
ln12_q37_d32_p23_t46,12,37,32,p:0.666667,2.228000000000e-06,-18.775819,94,6.554589
ln12_q37_d32_p23_t47,12,37,32,p:0.666667,1.939000000000e-06,-18.976256,109,6.768184
ln12_q37_d32_p23_t48,12,37,32,p:0.666667,2.587000000000e-06,-18.560289,103,6.686501
ln12_q37_d32_p23_t49,12,37,32,p:0.666667,2.647000000000e-06,-18.527210,104,6.700440
ln12_q37_d32_p23_t50,12,37,32,p:0.666667,2.225000000000e-06,-18.777763,119,6.894818
ln14_q45_d40_p23_t1,14,45,40,p:0.666667,3.814000000000e-08,-24.644120,234,7.870365
ln14_q45_d40_p23_t2,14,45,40,p:0.666667,4.075000000000e-08,-24.548625,213,7.734710
ln14_q45_d40_p23_t3,14,45,40,p:0.666667,4.038000000000e-08,-24.561784,211,7.721099
ln14_q45_d40_p23_t4,14,45,40,p:0.666667,4.009000000000e-08,-24.572182,220,7.781360
ln14_q45_d40_p23_t5,14,45,40,p:0.666667,4.055000000000e-08,-24.555723,203,7.665336
ln14_q45_d40_p23_t6,14,45,40,p:0.666667,3.624000000000e-08,-24.717842,242,7.918863
ln14_q45_d40_p23_t7,14,45,40,p:0.666667,3.544000000000e-08,-24.750046,228,7.832890
ln14_q45_d40_p23_t8,14,45,40,p:0.666667,4.047000000000e-08,-24.558572,213,7.734710
ln14_q45_d40_p23_t9,14,45,40,p:0.666667,4.582000000000e-08,-24.379447,228,7.832890
ln14_q45_d40_p23_t10,14,45,40,p:0.666667,3.939000000000e-08,-24.597595,232,7.857981
ln14_q45_d40_p23_t11,14,45,40,p:0.666667,3.700000000000e-08,-24.687899,227,7.826548
ln14_q45_d40_p23_t12,14,45,40,p:0.666667,3.456000000000e-08,-24.786322,235,7.876517
ln14_q45_d40_p23_t13,14,45,40,p:0.666667,3.914000000000e-08,-24.606781,232,7.857981
ln14_q45_d40_p23_t14,14,45,40,p:0.666667,3.708000000000e-08,-24.684784,241,7.912889
ln14_q45_d40_p23_t15,14,45,40,p:0.666667,4.033000000000e-08,-24.563571,237,7.888743
ln14_q45_d40_p23_t16,14,45,40,p:0.666667,5.309000000000e-08,-24.166985,224,7.807355
ln14_q45_d40_p23_t17,14,45,40,p:0.666667,3.765000000000e-08,-24.662775,221,7.787903
ln14_q45_d40_p23_t18,14,45,40,p:0.666667,3.923000000000e-08,-24.603467,216,7.754888
ln14_q45_d40_p23_t19,14,45,40,p:0.666667,4.149000000000e-08,-24.522661,251,7.971544
ln14_q45_d40_p23_t20,14,45,40,p:0.666667,4.046000000000e-08,-24.558928,246,7.942515
ln14_q45_d40_p23_t21,14,45,40,p:0.666667,3.897000000000e-08,-24.613061,229,7.839204
ln14_q45_d40_p23_t22,14,45,40,p:0.666667,3.390000000000e-08,-24.814139,199,7.636625
ln14_q45_d40_p23_t23,14,45,40,p:0.666667,4.109000000000e-08,-24.536637,242,7.918863
ln14_q45_d40_p23_t24,14,45,40,p:0.666667,5.348000000000e-08,-24.156425,224,7.807355
ln14_q45_d40_p23_t25,14,45,40,p:0.666667,3.607000000000e-08,-24.724625,231,7.851749
ln14_q45_d40_p23_t26,14,45,40,p:0.666667,3.590000000000e-08,-24.731441,240,7.906891
ln14_q45_d40_p23_t27,14,45,40,p:0.666667,3.992000000000e-08,-24.578313,218,7.768184
ln14_q45_d40_p23_t28,14,45,40,p:0.666667,3.889000000000e-08,-24.616026,217,7.761551
ln14_q45_d40_p23_t29,14,45,40,p:0.666667,4.603000000000e-08,-24.372850,203,7.665336
ln14_q45_d40_p23_t30,14,45,40,p:0.666667,3.429000000000e-08,-24.797637,258,8.011227
ln14_q45_d40_p23_t31,14,45,40,p:0.666667,3.930000000000e-08,-24.600895,222,7.794416
ln14_q45_d40_p23_t32,14,45,40,p:0.666667,4.423000000000e-08,-24.430400,239,7.900867
ln14_q45_d40_p23_t33,14,45,40,p:0.666667,4.460000000000e-08,-24.418381,222,7.794416
ln14_q45_d40_p23_t34,14,45,40,p:0.666667,4.739000000000e-08,-24.330842,245,7.936638
ln14_q45_d40_p23_t35,14,45,40,p:0.666667,3.544000000000e-08,-24.750046,221,7.787903
ln14_q45_d40_p23_t36,14,45,40,p:0.666667,4.505000000000e-08,-24.403898,219,7.774787
ln14_q45_d40_p23_t37,14,45,40,p:0.666667,3.971000000000e-08,-24.585922,227,7.826548
ln14_q45_d40_p23_t38,14,45,40,p:0.666667,3.979000000000e-08,-24.583019,224,7.807355
ln14_q45_d40_p23_t39,14,45,40,p:0.666667,4.026000000000e-08,-24.566078,221,7.787903
ln14_q45_d40_p23_t40,14,45,40,p:0.666667,4.227000000000e-08,-24.495791,234,7.870365
ln14_q45_d40_p23_t41,14,45,40,p:0.666667,3.916000000000e-08,-24.606044,263,8.038919
ln14_q45_d40_p23_t42,14,45,40,p:0.666667,3.545000000000e-08,-24.749639,202,7.658211
ln14_q45_d40_p23_t43,14,45,40,p:0.666667,5.217000000000e-08,-24.192204,226,7.820179
ln14_q45_d40_p23_t44,14,45,40,p:0.666667,4.640000000000e-08,-24.361300,239,7.900867
ln14_q45_d40_p23_t45,14,45,40,p:0.666667,3.537000000000e-08,-24.752899,238,7.894818
ln14_q45_d40_p23_t46,14,45,40,p:0.666667,3.857000000000e-08,-24.627946,208,7.700440
ln14_q45_d40_p23_t47,14,45,40,p:0.666667,3.521000000000e-08,-24.759440,216,7.754888
ln14_q45_d40_p23_t48,14,45,40,p:0.666667,4.812000000000e-08,-24.308788,269,8.071462
ln14_q45_d40_p23_t49,14,45,40,p:0.666667,3.482000000000e-08,-24.775509,243,7.924813
ln14_q45_d40_p23_t50,14,45,40,p:0.666667,4.175000000000e-08,-24.513649,233,7.864186
ln16_q55_d50_p23_t1,16,55,50,p:0.666667,1.797000000000e-10,-32.373691,485,8.921841
ln16_q55_d50_p23_t2,16,55,50,p:0.666667,1.553000000000e-10,-32.584223,483,8.915879
ln16_q55_d50_p23_t3,16,55,50,p:0.666667,2.288000000000e-10,-32.025194,484,8.918863
ln16_q55_d50_p23_t4,16,55,50,p:0.666667,1.933000000000e-10,-32.268439,460,8.845490
ln16_q55_d50_p23_t5,16,55,50,p:0.666667,1.715000000000e-10,-32.441072,521,9.025140
ln16_q60_d58_p23_t1,16,60,58,p:0.666667,6.608000000000e-13,-40.460852,484,8.918863
ln16_q60_d58_p23_t2,16,60,58,p:0.666667,6.257000000000e-13,-40.539594,460,8.845490
ln16_q60_d58_p23_t3,16,60,58,p:0.666667,6.521000000000e-13,-40.479972,548,9.098032
ln16_q60_d58_p23_t4,16,60,58,p:0.666667,7.505000000000e-13,-40.277213,487,8.927778
ln16_q60_d58_p23_t5,16,60,58,p:0.666667,7.037000000000e-13,-40.370105,501,8.968667
