logn,logd,N,hw,correct,queries,ratio,wall_seconds
12,30,4096,1338,4096,5434,1.3267,27.4237
12,30,4096,1326,4096,5422,1.3237,27.5803
12,30,4096,1365,4096,5461,1.3333,27.5000
12,30,4096,1358,4096,5454,1.3315,27.1342
12,30,4096,1396,4096,5492,1.3408,27.4661
12,30,4096,1369,4096,5465,1.3342,28.1940
12,30,4096,1416,4096,5512,1.3457,27.9488
12,30,4096,1383,4096,5479,1.3376,27.5949
12,30,4096,1357,4096,5453,1.3313,27.6778
12,30,4096,1334,4096,5430,1.3257,28.9226
12,30,4096,1395,4096,5491,1.3406,27.4861
12,30,4096,1357,4096,5453,1.3313,27.6592
12,30,4096,1373,4096,5469,1.3352,27.5361
12,30,4096,1390,4096,5486,1.3394,27.4449
12,30,4096,1439,4096,5535,1.3513,27.7144
12,30,4096,1384,4096,5480,1.3379,27.6149
12,30,4096,1388,4096,5484,1.3389,27.6210
12,30,4096,1388,4096,5484,1.3389,27.6499
12,30,4096,1395,4096,5491,1.3406,27.3549
12,30,4096,1356,4096,5452,1.3311,27.3786
12,30,4096,1372,4096,5468,1.3350,27.3098
12,30,4096,1372,4096,5468,1.3350,27.4355
12,30,4096,1419,4096,5515,1.3464,28.0120
12,30,4096,1375,4096,5471,1.3357,27.6601
12,30,4096,1365,4096,5461,1.3333,27.2440
12,30,4096,1343,4096,5439,1.3279,27.2741
12,30,4096,1376,4096,5472,1.3359,27.4302
12,30,4096,1371,4096,5467,1.3347,27.5894
12,30,4096,1361,4096,5457,1.3323,27.2381
12,30,4096,1334,4096,5430,1.3257,27.1452
12,30,4096,1396,4096,5492,1.3408,27.9835
12,30,4096,1395,4096,5491,1.3406,27.7310
12,30,4096,1349,4096,5445,1.3293,27.2215
12,30,4096,1356,4096,5452,1.3311,27.2635
12,30,4096,1391,4096,5487,1.3396,27.6376
12,30,4096,1355,4096,5451,1.3308,27.0705
12,30,4096,1342,4096,5438,1.3276,27.1736
12,30,4096,1349,4096,5445,1.3293,27.5264
12,30,4096,1359,4096,5455,1.3318,27.4086
12,30,4096,1359,4096,5455,1.3318,27.7157
12,30,4096,1313,4096,5409,1.3206,26.8214
12,30,4096,1428,4096,5524,1.3486,27.8032
12,30,4096,1371,4096,5467,1.3347,27.5986
12,30,4096,1404,4096,5500,1.3428,28.0892
12,30,4096,1344,4096,5440,1.3281,26.8338
12,30,4096,1406,4096,5502,1.3433,28.0864
12,30,4096,1349,4096,5445,1.3293,27.3821
12,30,4096,1369,4096,5465,1.3342,27.6450
12,30,4096,1341,4096,5437,1.3274,27.1007
12,30,4096,1402,4096,5498,1.3423,27.9813
12,32,4096,1365,4096,5461,1.3333,27.4295
12,32,4096,1411,4096,5507,1.3445,28.0683
12,32,4096,1382,4096,5478,1.3374,27.7698
12,32,4096,1395,4096,5491,1.3406,27.8087
12,32,4096,1344,4096,5440,1.3281,27.5789
12,32,4096,1370,4096,5466,1.3345,27.7538
12,32,4096,1322,4096,5418,1.3228,27.2383
12,32,4096,1320,4096,5416,1.3223,26.9972
12,32,4096,1418,4096,5514,1.3462,27.6223
12,32,4096,1363,4096,5459,1.3328,26.8842
12,32,4096,1324,4096,5420,1.3232,27.4279
12,32,4096,1367,4096,5463,1.3337,27.5582
12,32,4096,1385,4096,5481,1.3381,27.8290
12,32,4096,1404,4096,5500,1.3428,27.7293
12,32,4096,1350,4096,5446,1.3296,27.2697
12,32,4096,1362,4096,5458,1.3325,27.4767
12,32,4096,1376,4096,5472,1.3359,27.3516
12,32,4096,1376,4096,5472,1.3359,27.4652
12,32,4096,1338,4096,5434,1.3267,27.7356
12,32,4096,1394,4096,5490,1.3403,27.4623
12,32,4096,1348,4096,5444,1.3291,27.5746
12,32,4096,1353,4096,5449,1.3303,27.6902
12,32,4096,1355,4096,5451,1.3308,27.1181
12,32,4096,1343,4096,5439,1.3279,27.0487
12,32,4096,1378,4096,5474,1.3364,27.3784
12,32,4096,1394,4096,5490,1.3403,27.8094
12,32,4096,1353,4096,5449,1.3303,27.2761
12,32,4096,1375,4096,5471,1.3357,27.6210
12,32,4096,1304,4096,5400,1.3184,26.9748
12,32,4096,1373,4096,5469,1.3352,27.3569
12,32,4096,1320,4096,5416,1.3223,27.1088
12,32,4096,1371,4096,5467,1.3347,27.6939
12,32,4096,1395,4096,5491,1.3406,27.5346
12,32,4096,1384,4096,5480,1.3379,27.2979
12,32,4096,1325,4096,5421,1.3235,26.8703
12,32,4096,1306,4096,5402,1.3188,27.1135
12,32,4096,1380,4096,5476,1.3369,27.9702
12,32,4096,1388,4096,5484,1.3389,27.4253
12,32,4096,1325,4096,5421,1.3235,26.8727
12,32,4096,1404,4096,5500,1.3428,27.2059
12,32,4096,1370,4096,5466,1.3345,27.3887
12,32,4096,1375,4096,5471,1.3357,27.1044
12,32,4096,1363,4096,5459,1.3328,27.3564
12,32,4096,1341,4096,5437,1.3274,27.3319
12,32,4096,1300,4096,5396,1.3174,26.7760
12,32,4096,1361,4096,5457,1.3323,27.7136
12,32,4096,1343,4096,5439,1.3279,27.1251
12,32,4096,1349,4096,5445,1.3293,27.3194
12,32,4096,1379,4096,5475,1.3367,27.6791
12,32,4096,1358,4096,5454,1.3315,27.4086
14,40,16384,5489,16384,21873,1.3350,394.8549
14,40,16384,5475,16384,21859,1.3342,394.2143
14,40,16384,5458,16384,21842,1.3331,394.1106
14,40,16384,5457,16384,21841,1.3331,394.9396
14,40,16384,5450,16384,21834,1.3326,394.4383
14,40,16384,5539,16384,21923,1.3381,396.2157
14,40,16384,5497,16384,21881,1.3355,395.3803
14,40,16384,5442,16384,21826,1.3322,393.4206
14,40,16384,5578,16384,21962,1.3405,396.8825
14,40,16384,5408,16384,21792,1.3301,394.3161
14,40,16384,5466,16384,21850,1.3336,393.9602
14,40,16384,5434,16384,21818,1.3317,393.3349
14,40,16384,5479,16384,21863,1.3344,395.0101
14,40,16384,5519,16384,21903,1.3369,395.9157
14,40,16384,5510,16384,21894,1.3363,396.2806
14,40,16384,5427,16384,21811,1.3312,394.5294
14,40,16384,5496,16384,21880,1.3354,395.4181
14,40,16384,5496,16384,21880,1.3354,395.4397
14,40,16384,5459,16384,21843,1.3332,394.1680
14,40,16384,5516,16384,21900,1.3367,395.9141
14,40,16384,5408,16384,21792,1.3301,393.5455
14,40,16384,5399,16384,21783,1.3295,392.9709
14,40,16384,5537,16384,21921,1.3380,396.3422
14,40,16384,5415,16384,21799,1.3305,393.6670
14,40,16384,5392,16384,21776,1.3291,394.1703
14,40,16384,5567,16384,21951,1.3398,396.9444
14,40,16384,5422,16384,21806,1.3309,393.8616
14,40,16384,5483,16384,21867,1.3347,394.7268
14,40,16384,5374,16384,21758,1.3280,392.0004
14,40,16384,5501,16384,21885,1.3358,395.5395
14,40,16384,5510,16384,21894,1.3363,395.0292
14,40,16384,5405,16384,21789,1.3299,393.2895
14,40,16384,5478,16384,21862,1.3344,395.1381
14,40,16384,5469,16384,21853,1.3338,394.9375
14,40,16384,5495,16384,21879,1.3354,396.1462
14,40,16384,5493,16384,21877,1.3353,395.5016
14,40,16384,5309,16384,21693,1.3240,391.1442
14,40,16384,5451,16384,21835,1.3327,393.7303
14,40,16384,5523,16384,21907,1.3371,396.3528
14,40,16384,5336,16384,21720,1.3257,391.7905
14,40,16384,5481,16384,21865,1.3345,394.8829
14,40,16384,5510,16384,21894,1.3363,396.2241
14,40,16384,5491,16384,21875,1.3351,396.4290
14,40,16384,5552,16384,21936,1.3389,397.1070
14,40,16384,5334,16384,21718,1.3256,391.1921
14,40,16384,5535,16384,21919,1.3378,396.4123
14,40,16384,5467,16384,21851,1.3337,395.0671
14,40,16384,5470,16384,21854,1.3339,395.3843
14,40,16384,5543,16384,21927,1.3383,396.4302
14,40,16384,5483,16384,21867,1.3347,395.7049
16,50,65536,21781,65536,87317,1.3324,6329.2408
16,50,65536,21813,65536,87349,1.3328,6333.3281
16,50,65536,21726,65536,87262,1.3315,6317.8587
16,50,65536,21638,65536,87174,1.3302,6313.5972
16,50,65536,22062,65536,87598,1.3366,6351.4117
