secret,logn,logd,N,hw,correct,queries,ratio,wall_seconds,logfile
gaussian-s3.2,14,40,16384,14363,16384,88452,5.3987,2233.6119,g-r1.log
gaussian-s3.2,14,40,16384,14299,16384,88457,5.3990,2767.1453,g-r2.log
gaussian-s3.2,14,40,16384,14420,16384,88595,5.4074,2230.7310,g-r3.log
gaussian-s3.2,14,40,16384,14374,16384,88433,5.3975,2393.8674,g-r4.log
gaussian-s3.2,14,40,16384,14285,16384,88471,5.3998,2242.5270,g-r5.log
ternary-h128,14,40,16384,128,16384,16512,1.0078,624.5213,hp128-r1.log
ternary-h128,14,40,16384,128,16384,16512,1.0078,291.0765,hp128-r10.log
ternary-h128,14,40,16384,128,16384,16512,1.0078,291.8935,hp128-r11.log
ternary-h128,14,40,16384,128,16384,16512,1.0078,290.8675,hp128-r12.log
ternary-h128,14,40,16384,128,16384,16512,1.0078,291.0476,hp128-r13.log
ternary-h128,14,40,16384,128,16384,16512,1.0078,291.1436,hp128-r14.log
ternary-h128,14,40,16384,128,16384,16512,1.0078,290.9960,hp128-r15.log
ternary-h128,14,40,16384,128,16384,16512,1.0078,290.9721,hp128-r16.log
ternary-h128,14,40,16384,128,16384,16512,1.0078,290.9104,hp128-r17.log
ternary-h128,14,40,16384,128,16384,16512,1.0078,291.1946,hp128-r18.log
ternary-h128,14,40,16384,128,16384,16512,1.0078,290.8462,hp128-r19.log
ternary-h128,14,40,16384,128,16384,16512,1.0078,544.4508,hp128-r2.log
ternary-h128,14,40,16384,128,16384,16512,1.0078,290.8248,hp128-r20.log
ternary-h128,14,40,16384,128,16384,16512,1.0078,587.4749,hp128-r3.log
ternary-h128,14,40,16384,128,16384,16512,1.0078,637.7490,hp128-r4.log
ternary-h128,14,40,16384,128,16384,16512,1.0078,575.9749,hp128-r5.log
ternary-h128,14,40,16384,128,16384,16512,1.0078,295.7048,hp128-r6.log
ternary-h128,14,40,16384,128,16384,16512,1.0078,294.7366,hp128-r7.log
ternary-h128,14,40,16384,128,16384,16512,1.0078,293.5479,hp128-r8.log
ternary-h128,14,40,16384,128,16384,16512,1.0078,290.8938,hp128-r9.log
ternary-h192,14,40,16384,192,16384,16576,1.0117,643.4314,hp192-r1.log
ternary-h192,14,40,16384,192,16384,16576,1.0117,293.9456,hp192-r10.log
ternary-h192,14,40,16384,192,16384,16576,1.0117,293.8301,hp192-r11.log
ternary-h192,14,40,16384,192,16384,16576,1.0117,293.7628,hp192-r12.log
ternary-h192,14,40,16384,192,16384,16576,1.0117,293.7696,hp192-r13.log
ternary-h192,14,40,16384,192,16384,16576,1.0117,293.8185,hp192-r14.log
ternary-h192,14,40,16384,192,16384,16576,1.0117,293.6656,hp192-r15.log
ternary-h192,14,40,16384,192,16384,16576,1.0117,293.6478,hp192-r16.log
ternary-h192,14,40,16384,192,16384,16576,1.0117,293.5180,hp192-r17.log
ternary-h192,14,40,16384,192,16384,16576,1.0117,293.8436,hp192-r18.log
ternary-h192,14,40,16384,192,16384,16576,1.0117,294.0192,hp192-r19.log
ternary-h192,14,40,16384,192,16384,16576,1.0117,618.4526,hp192-r2.log
ternary-h192,14,40,16384,192,16384,16576,1.0117,292.2058,hp192-r20.log
ternary-h192,14,40,16384,192,16384,16576,1.0117,576.8847,hp192-r3.log
ternary-h192,14,40,16384,192,16384,16576,1.0117,698.2740,hp192-r4.log
ternary-h192,14,40,16384,192,16384,16576,1.0117,483.1144,hp192-r5.log
ternary-h192,14,40,16384,192,16384,16576,1.0117,298.8049,hp192-r6.log
ternary-h192,14,40,16384,192,16384,16576,1.0117,298.8590,hp192-r7.log
ternary-h192,14,40,16384,192,16384,16576,1.0117,295.4644,hp192-r8.log
ternary-h192,14,40,16384,192,16384,16576,1.0117,294.0382,hp192-r9.log
ternary-h256,14,40,16384,256,16384,16640,1.0156,295.5787,hp256-r1.log
ternary-h256,14,40,16384,256,16384,16640,1.0156,414.5459,hp256-r10.log
ternary-h256,14,40,16384,256,16384,16640,1.0156,349.0039,hp256-r11.log
ternary-h256,14,40,16384,256,16384,16640,1.0156,399.5441,hp256-r12.log
ternary-h256,14,40,16384,256,16384,16640,1.0156,461.9799,hp256-r13.log
ternary-h256,14,40,16384,256,16384,16640,1.0156,295.7130,hp256-r14.log
ternary-h256,14,40,16384,256,16384,16640,1.0156,295.7280,hp256-r15.log
ternary-h256,14,40,16384,256,16384,16640,1.0156,295.8092,hp256-r16.log
ternary-h256,14,40,16384,256,16384,16640,1.0156,295.9328,hp256-r17.log
ternary-h256,14,40,16384,256,16384,16640,1.0156,297.8802,hp256-r18.log
ternary-h256,14,40,16384,256,16384,16640,1.0156,296.2418,hp256-r19.log
ternary-h256,14,40,16384,256,16384,16640,1.0156,295.5262,hp256-r2.log
ternary-h256,14,40,16384,256,16384,16640,1.0156,296.0368,hp256-r20.log
ternary-h256,14,40,16384,256,16384,16640,1.0156,295.6536,hp256-r3.log
ternary-h256,14,40,16384,256,16384,16640,1.0156,295.6963,hp256-r4.log
ternary-h256,14,40,16384,256,16384,16640,1.0156,295.6620,hp256-r5.log
ternary-h256,14,40,16384,256,16384,16640,1.0156,295.5213,hp256-r6.log
ternary-h256,14,40,16384,256,16384,16640,1.0156,295.7277,hp256-r7.log
ternary-h256,14,40,16384,256,16384,16640,1.0156,366.2309,hp256-r8.log
ternary-h256,14,40,16384,256,16384,16640,1.0156,314.9463,hp256-r9.log
ternary-p0.333333,14,40,16384,5486,16384,21870,1.3348,849.7728,pp0p333333-r1.log
ternary-p0.333333,14,40,16384,5603,16384,21987,1.3420,442.4725,pp0p333333-r10.log
ternary-p0.333333,14,40,16384,5404,16384,21788,1.3298,437.5620,pp0p333333-r11.log
ternary-p0.333333,14,40,16384,5474,16384,21858,1.3341,439.2360,pp0p333333-r12.log
ternary-p0.333333,14,40,16384,5485,16384,21869,1.3348,439.5112,pp0p333333-r13.log
ternary-p0.333333,14,40,16384,5626,16384,22010,1.3434,432.9885,pp0p333333-r14.log
ternary-p0.333333,14,40,16384,5456,16384,21840,1.3330,418.6083,pp0p333333-r15.log
ternary-p0.333333,14,40,16384,5428,16384,21812,1.3313,417.8405,pp0p333333-r16.log
ternary-p0.333333,14,40,16384,5545,16384,21929,1.3384,420.9055,pp0p333333-r17.log
ternary-p0.333333,14,40,16384,5540,16384,21924,1.3381,420.9690,pp0p333333-r18.log
ternary-p0.333333,14,40,16384,5450,16384,21834,1.3326,418.4718,pp0p333333-r19.log
ternary-p0.333333,14,40,16384,5358,16384,21742,1.3270,902.9760,pp0p333333-r2.log
ternary-p0.333333,14,40,16384,5474,16384,21858,1.3341,419.4357,pp0p333333-r20.log
ternary-p0.333333,14,40,16384,5459,16384,21843,1.3332,930.7517,pp0p333333-r3.log
ternary-p0.333333,14,40,16384,5522,16384,21906,1.3370,559.8119,pp0p333333-r4.log
ternary-p0.333333,14,40,16384,5405,16384,21789,1.3299,442.0518,pp0p333333-r5.log
ternary-p0.333333,14,40,16384,5405,16384,21789,1.3299,438.6565,pp0p333333-r6.log
ternary-p0.333333,14,40,16384,5388,16384,21772,1.3289,436.8152,pp0p333333-r7.log
ternary-p0.333333,14,40,16384,5514,16384,21898,1.3365,440.2667,pp0p333333-r8.log
ternary-p0.333333,14,40,16384,5470,16384,21854,1.3339,438.6562,pp0p333333-r9.log
ternary-p0.5,14,40,16384,8224,16384,24608,1.5020,1032.2123,pp0p5-r1.log
ternary-p0.5,14,40,16384,8199,16384,24583,1.5004,498.4635,pp0p5-r10.log
ternary-p0.5,14,40,16384,8217,16384,24601,1.5015,499.2211,pp0p5-r11.log
ternary-p0.5,14,40,16384,8165,16384,24549,1.4984,492.3849,pp0p5-r12.log
ternary-p0.5,14,40,16384,8270,16384,24654,1.5048,478.1056,pp0p5-r13.log
ternary-p0.5,14,40,16384,8235,16384,24619,1.5026,476.3905,pp0p5-r14.log
ternary-p0.5,14,40,16384,8239,16384,24623,1.5029,476.3387,pp0p5-r15.log
ternary-p0.5,14,40,16384,8232,16384,24616,1.5024,477.0804,pp0p5-r16.log
ternary-p0.5,14,40,16384,8190,16384,24574,1.4999,475.3210,pp0p5-r17.log
ternary-p0.5,14,40,16384,8098,16384,24482,1.4943,466.7626,pp0p5-r18.log
ternary-p0.5,14,40,16384,8223,16384,24607,1.5019,463.1703,pp0p5-r19.log
ternary-p0.5,14,40,16384,8206,16384,24590,1.5009,1074.6286,pp0p5-r2.log
ternary-p0.5,14,40,16384,8114,16384,24498,1.4952,460.5238,pp0p5-r20.log
ternary-p0.5,14,40,16384,8132,16384,24516,1.4963,949.3585,pp0p5-r3.log
ternary-p0.5,14,40,16384,8149,16384,24533,1.4974,503.8989,pp0p5-r4.log
ternary-p0.5,14,40,16384,8224,16384,24608,1.5020,502.0826,pp0p5-r5.log
ternary-p0.5,14,40,16384,8195,16384,24579,1.5002,498.2245,pp0p5-r6.log
ternary-p0.5,14,40,16384,8209,16384,24593,1.5010,498.6713,pp0p5-r7.log
ternary-p0.5,14,40,16384,8212,16384,24596,1.5012,498.8447,pp0p5-r8.log
ternary-p0.5,14,40,16384,8142,16384,24526,1.4969,496.7720,pp0p5-r9.log
ternary-p0.666667,14,40,16384,10897,16384,27281,1.6651,578.2537,pp0p666667-r1.log
ternary-p0.666667,14,40,16384,11003,16384,27387,1.6716,583.6214,pp0p666667-r10.log
ternary-p0.666667,14,40,16384,10986,16384,27370,1.6705,577.0154,pp0p666667-r11.log
ternary-p0.666667,14,40,16384,10948,16384,27332,1.6682,569.9374,pp0p666667-r12.log
ternary-p0.666667,14,40,16384,11028,16384,27412,1.6731,649.9069,pp0p666667-r13.log
ternary-p0.666667,14,40,16384,11023,16384,27407,1.6728,574.0666,pp0p666667-r14.log
ternary-p0.666667,14,40,16384,10921,16384,27305,1.6666,679.3249,pp0p666667-r15.log
ternary-p0.666667,14,40,16384,10802,16384,27186,1.6593,566.2508,pp0p666667-r16.log
ternary-p0.666667,14,40,16384,10918,16384,27302,1.6664,568.9285,pp0p666667-r17.log
ternary-p0.666667,14,40,16384,10954,16384,27338,1.6686,572.0125,pp0p666667-r18.log
ternary-p0.666667,14,40,16384,10970,16384,27354,1.6696,614.7855,pp0p666667-r19.log
ternary-p0.666667,14,40,16384,10872,16384,27256,1.6636,577.0316,pp0p666667-r2.log
ternary-p0.666667,14,40,16384,10871,16384,27255,1.6635,781.9690,pp0p666667-r20.log
ternary-p0.666667,14,40,16384,10914,16384,27298,1.6661,578.1506,pp0p666667-r3.log
ternary-p0.666667,14,40,16384,10972,16384,27356,1.6697,579.9154,pp0p666667-r4.log
ternary-p0.666667,14,40,16384,10958,16384,27342,1.6688,701.8843,pp0p666667-r5.log
ternary-p0.666667,14,40,16384,10864,16384,27248,1.6631,717.4922,pp0p666667-r6.log
ternary-p0.666667,14,40,16384,10925,16384,27309,1.6668,827.5593,pp0p666667-r7.log
ternary-p0.666667,14,40,16384,10848,16384,27232,1.6621,577.2123,pp0p666667-r8.log
ternary-p0.666667,14,40,16384,10912,16384,27296,1.6660,578.7589,pp0p666667-r9.log
ternary-p0.9,14,40,16384,14826,16384,31210,1.9049,679.1910,pp0p9-r1.log
ternary-p0.9,14,40,16384,14789,16384,31173,1.9026,668.2789,pp0p9-r10.log
ternary-p0.9,14,40,16384,14776,16384,31160,1.9019,746.4722,pp0p9-r11.log
ternary-p0.9,14,40,16384,14742,16384,31126,1.8998,666.6788,pp0p9-r12.log
ternary-p0.9,14,40,16384,14806,16384,31190,1.9037,782.5329,pp0p9-r13.log
ternary-p0.9,14,40,16384,14861,16384,31245,1.9070,667.1202,pp0p9-r14.log
ternary-p0.9,14,40,16384,14804,16384,31188,1.9036,665.1419,pp0p9-r15.log
ternary-p0.9,14,40,16384,14721,16384,31105,1.8985,708.3404,pp0p9-r16.log
ternary-p0.9,14,40,16384,14801,16384,31185,1.9034,892.4773,pp0p9-r17.log
ternary-p0.9,14,40,16384,14722,16384,31106,1.8986,629.0531,pp0p9-r18.log
ternary-p0.9,14,40,16384,14707,16384,31091,1.8976,626.3262,pp0p9-r19.log
ternary-p0.9,14,40,16384,14720,16384,31104,1.8984,675.5753,pp0p9-r2.log
ternary-p0.9,14,40,16384,14774,16384,31158,1.9017,1206.8666,pp0p9-r20.log
ternary-p0.9,14,40,16384,14736,16384,31120,1.8994,675.9274,pp0p9-r3.log
ternary-p0.9,14,40,16384,14733,16384,31117,1.8992,768.0063,pp0p9-r4.log
ternary-p0.9,14,40,16384,14777,16384,31161,1.9019,850.4524,pp0p9-r5.log
ternary-p0.9,14,40,16384,14760,16384,31144,1.9009,946.5652,pp0p9-r6.log
ternary-p0.9,14,40,16384,14760,16384,31144,1.9009,676.6167,pp0p9-r7.log
ternary-p0.9,14,40,16384,14766,16384,31150,1.9012,678.8918,pp0p9-r8.log
ternary-p0.9,14,40,16384,14754,16384,31138,1.9005,675.2352,pp0p9-r9.log
